id,company_ref
NOGENT LE ROI CONDUITE,cdd871e1-70f1-4e42-a3f8-0a48637f7933
ECM,c39dc058-9365-42ae-9abd-e606b2c06dea
RENTILA EOOD,04dbaa04-32d3-435f-bdef-7bc7eec26ccf
NETUNEED,fb9d780f-2045-41c5-a9dd-3a0255302e25
CIOTAT CONDUITE,05e9a96c-029f-4c3e-bc8e-e20ce5445053
Mr WILLY HASTOURNY,07c71883-49eb-4f25-8908-130b015e9501
Oxymoron AG,0406ef04-8096-4cc2-af78-4710dba50149
FAIR PLAY OPTIC Sas,41cb7d86-549e-4f6c-a8cc-9e654ac28f80
LIN ET CIE SARL,4016b9c5-7b74-43b5-9425-52906f2b4f10
Mr IBGUI JOSEPH,6b13c7fe-e81f-465f-bae1-89356e209885
MR BREVIERE ALEXANDRE,9be1355e-abc3-49c2-9680-6aee2b6af567
ELAD SARL,0d142d09-c530-43c5-84c3-0a0dec57f16f
FBB MAISON GMBH,b6317f3d-5084-4cbd-ac73-c257d1c0a48f
EISEN SARL,18fdbeb5-39c7-4cd2-b171-d3fd24176bbd
Mr GUILLAUME ALAIN CASAL,19886bc3-e3a0-4d10-a3e1-65b3dd371a5d
SAS LE DELAS,04100fe9-9784-4e66-90d4-a5d17feaca32
SAS LE DELAS,f83411df-8ad4-4e75-8305-55904616929a
EISF,9453bf52-1eca-47e4-b748-9f02e00d072e
EISF,005d3e0c-da35-4444-a9f8-7482a4804fbd