company_ref,email
f04b322f-3b42-4345-8fa3-3de5e5eadcbb,anrousseau+280126@payplug.com
8159693c-b9c9-4fe3-a4fb-76e66ed3a314,anrousseau+280126@payplug.com
25d58d55-3c48-478b-a661-6bd200c669e1,anrousseau+280126@payplug.com
080002d9-6318-47d9-bbff-f2c800853fef,anrousseau+280126@payplug.com
bdfeeae4-71e9-4d83-a7ba-967ed73e2a5c,anrousseau+280126@payplug.com
607e7681-0a91-4210-ac77-3a330c04fd6d,anrousseau+280126@payplug.com
4c55a310-d6b4-4024-ae62-c22f0cbbf66b,anrousseau+280126@payplug.com
74b19dcd-a8f2-4459-9127-29ead8fa1886,anrousseau+280126@payplug.com
65db164e-d44c-4a98-8efb-35b56ac64828,anrousseau+280126@payplug.com
03933b66-c926-4621-8366-69ff9e33cf69,anrousseau+280126@payplug.com
607580a3-1828-4865-8584-57141151fb09,anrousseau+280126@payplug.com
6b9141ce-d6f7-403d-8563-0ee2b3c899c7,anrousseau+280126@payplug.com
5017d91d-94bd-4ce0-a5da-9aa4d7b91b87,anrousseau+280126@payplug.com
4c721312-7f44-4d84-a4ed-09e13643762d,anrousseau+280126@payplug.com
da3d798c-32f8-4343-923c-d7951b80aad6,anrousseau+280126@payplug.com
7561605f-dd88-48e7-a75d-cfcbcccdb63c,anrousseau+280126@payplug.com
b8c50125-1606-48b7-81c7-06686cc45e82,anrousseau+280126@payplug.com
b1718958-f6c7-4ea5-8255-cfbe1bda4718,anrousseau+280126@payplug.com
6e596051-18fe-4cde-95ec-75e395c9737f,anrousseau+280126@payplug.com
943d7bfd-896f-4b9b-8273-83691aa8c8c7,anrousseau+280126@payplug.com
917d542e-0b28-4a61-955a-0ba75d74fd66,anrousseau+280126@payplug.com
471b60bd-317b-49c6-8ef7-0d60fa403777,anrousseau+280126@payplug.com
2a3f736c-2214-4df6-a01a-aa87c52d5e72,anrousseau+280126@payplug.com
4ccd9b03-d765-4cce-b732-e8bfbe2cb6a6,anrousseau+280126@payplug.com
b02bee31-6ae1-4a8e-aa45-b7520ba60e37,anrousseau+280126@payplug.com
9d74ff2f-92f0-47ef-9cb9-fb1302bef5f8,anrousseau+280126@payplug.com
6f854f6d-8e96-4a8d-a310-c4573c81d67c,anrousseau+280126@payplug.com
623ab8ad-079a-4fd1-b40b-421b777e8268,anrousseau+280126@payplug.com
09f008fd-3c64-4c76-a8b5-2c8340a3707b,anrousseau+280126@payplug.com
0e2c7836-2348-4453-8f5c-242e66cea7de,anrousseau+280126@payplug.com
1a40a68f-5635-49b9-8ac5-c87f0e5518f9,anrousseau+280126@payplug.com
6fc70c6b-1c3c-4a61-9aff-457ddc4c88d5,anrousseau+280126@payplug.com
0a942bc4-2273-495f-8bc3-6f522348efe1,anrousseau+280126@payplug.com
419f7110-62c0-44d2-9a88-a01cf62a800a,anrousseau+280126@payplug.com
b86346fa-6ba3-4bde-bd31-120956b4742d,anrousseau+280126@payplug.com
77c1c08a-23c6-4bbb-a7fa-2cf01a9470ee,anrousseau+280126@payplug.com
a35f09fd-c231-40b2-a103-74909e932973,anrousseau+280126@payplug.com
2644e9d9-b016-4004-b1e5-522e0da09848,anrousseau+280126@payplug.com
bbd5ff64-2a0e-4abe-a2ed-c5c1fb7f203e,anrousseau+280126@payplug.com
fc6dfed0-c911-49a4-a811-8e200f915bcc,anrousseau+280126@payplug.com
63bac138-50a7-4194-84c3-57bd84f4b441,anrousseau+280126@payplug.com
ea77b5d9-43f2-44ce-bc48-655c41f359b4,anrousseau+280126@payplug.com
47c79aa8-27ec-4123-83c3-97fcd96efa84,anrousseau+280126@payplug.com
48af0f83-6b6c-485e-954d-f4b8307a1f10,anrousseau+280126@payplug.com
f34efef5-c5f5-4c5c-b946-4ab2239eadfd,anrousseau+280126@payplug.com
d051aaa2-11ed-42ee-b4bb-3ab155d165e4,anrousseau+280126@payplug.com
028d403b-0dec-4957-834c-3784893192d0,anrousseau+280126@payplug.com
fe8c18d0-df2b-4f33-a9b3-cfd9c6bd0008,anrousseau+280126@payplug.com
722531c8-7449-481f-a1be-93dba5679abf,anrousseau+280126@payplug.com
2d5c460d-b409-4360-b3b7-f5e9b4c22e60,anrousseau+280126@payplug.com
dcbcba6c-f5ef-41ed-bca1-a7561e95a6de,anrousseau+280126@payplug.com
e9696381-61bf-4dd1-9791-04ffd23e9bae,anrousseau+280126@payplug.com
a85132fa-207a-4e05-914f-26688934a1ab,anrousseau+280126@payplug.com
d71a657f-6f29-45eb-b94e-da3569fd02f0,anrousseau+280126@payplug.com
a0b750a9-44af-43b3-b1d7-bcc61dc1f931,anrousseau+280126@payplug.com
13e782bb-1795-4950-8a8d-2f7dd96a3335,anrousseau+280126@payplug.com
3fb10ccc-1795-4912-9c28-44f210caa678,anrousseau+280126@payplug.com
6ed4c464-901a-4a3f-bd13-a6ccc838e018,anrousseau+280126@payplug.com
641e2d3a-f888-490b-b0d4-352923488daf,anrousseau+280126@payplug.com
631a28bc-ec97-4ebf-a441-1d3972ab0a63,anrousseau+280126@payplug.com
3e1c8157-12f3-41b3-9247-e7c890836373,anrousseau+280126@payplug.com
0edb673d-cdc2-45a1-bee7-d367d0b10c94,anrousseau+280126@payplug.com
c2b7f7d7-5164-4dd0-a920-a2901968b751,anrousseau+280126@payplug.com
d5ed24c4-11c7-490a-8184-608384c0babe,anrousseau+280126@payplug.com
23d8d0db-6f17-413a-af27-8a19092764c1,anrousseau+280126@payplug.com
bd3873f8-12fa-468b-a5d0-e58a8b6a44e9,anrousseau+280126@payplug.com
ee381b60-fb87-4d98-ba07-91a589e64e90,anrousseau+280126@payplug.com
4f576c9d-e93d-4dad-b63d-0b256bbcc6a2,anrousseau+280126@payplug.com
307959cb-ab35-4b5b-8704-3b105f436f65,anrousseau+280126@payplug.com
6fb5baec-685f-47a8-8159-13eb1732657d,anrousseau+280126@payplug.com
24486383-a324-41a4-9564-04ba13f851e4,anrousseau+280126@payplug.com
ba7200ab-a8b7-4622-a735-5bce54562ad6,anrousseau+280126@payplug.com
d62daf56-9d56-4fbe-b296-507630e5d75a,anrousseau+280126@payplug.com
e3baa31e-a586-4d70-8aee-a32c7edadd8b,anrousseau+280126@payplug.com
c8064b0c-6e31-4dff-8577-0eccc5c09f37,anrousseau+280126@payplug.com
4b404af3-28fc-4eac-83b2-708eebe4bca5,anrousseau+280126@payplug.com
f93cb36d-b13c-40fb-84d3-e6ffa967b379,anrousseau+280126@payplug.com
f3264aca-250f-4732-bb2f-93c2aacb42d2,anrousseau+280126@payplug.com
c0304e8b-8d65-4d22-be8d-ad1653501646,anrousseau+280126@payplug.com
95c7e5d6-5a6b-41c9-ba97-8d9a820ab395,anrousseau+280126@payplug.com
5260f536-8b81-4431-9cce-b6c020cf75a6,anrousseau+280126@payplug.com
ffda00db-9e5f-4d0c-8608-400ffc6ad4d1,anrousseau+280126@payplug.com
5024a4dd-93c2-416b-a8fb-98b091e1b458,anrousseau+280126@payplug.com
c8798e9a-a12c-4e7b-93ba-fe2a518be80f,anrousseau+280126@payplug.com
9f465a15-a700-4690-82f1-c58d0dcedfcc,anrousseau+280126@payplug.com
ecd95c83-466c-44f3-b0e4-3205bf33cafe,anrousseau+280126@payplug.com
ac69da50-a506-4748-95d9-4c99d64d3ee8,anrousseau+280126@payplug.com
0596a481-a68e-4029-8685-e099acb41e2c,anrousseau+280126@payplug.com
f98ebbfe-3fbd-4e77-8059-537a7c91874c,anrousseau+280126@payplug.com
0ee4abf3-0670-4669-b0ea-e29180627cf6,anrousseau+280126@payplug.com
eb7319fc-68ce-4b61-9202-8126c0de721c,anrousseau+280126@payplug.com
b4e115f2-366c-4b28-ba97-5f8594e00515,anrousseau+280126@payplug.com
5eb74f76-a25b-463c-894b-7aa92cb2b0fd,anrousseau+280126@payplug.com
d879f941-3b50-4a05-b8dc-c460f789e571,anrousseau+280126@payplug.com
5aa7c2be-5d28-4881-800c-b5cf5cc7140e,anrousseau+280126@payplug.com
0cffa7cf-77c1-4e00-bac5-9b5f0deef386,anrousseau+280126@payplug.com
25b4df3d-bbb9-4eea-b825-a7784ba247b9,anrousseau+280126@payplug.com
3796954d-9a9f-4f74-bd3d-fa48f701bf82,anrousseau+280126@payplug.com
7bea1e93-ae3e-4576-be50-9df38d427e4d,anrousseau+280126@payplug.com
174433ff-a04b-46dc-bb47-68d5ae781d7e,anrousseau+280126@payplug.com
a27604f6-c768-4415-8dc7-d30787781887,anrousseau+280126@payplug.com
735b8054-2f45-45d3-a77c-fdadd15b6e8a,anrousseau+280126@payplug.com
feced550-f8ff-44d8-a44a-03f47e879715,anrousseau+280126@payplug.com
96338c8e-3e4f-4b01-8d2f-2f3f6cd66ff7,anrousseau+280126@payplug.com
1c84984b-7ec2-48d6-ad16-68780d51695a,anrousseau+280126@payplug.com
4e920e16-9a86-4aeb-88f5-c32cb4a7a516,anrousseau+280126@payplug.com
eddd3674-0d35-41f0-8d33-44177adede2b,anrousseau+280126@payplug.com
d84ea9fc-9477-426e-b051-5b84f885c9c3,anrousseau+280126@payplug.com
d4ef3355-3155-4719-8c7f-e1768d8df9e5,anrousseau+280126@payplug.com
b41e88bf-b30a-4448-b20d-3f82ca1776bf,anrousseau+280126@payplug.com
81356a27-19d2-4cef-88a0-cbc261fa24c4,anrousseau+280126@payplug.com
81e07f7d-90ce-41ec-870a-590ffeb6c9ef,anrousseau+280126@payplug.com
7bb55d89-656a-46ac-880e-4ccbcb91a5cc,anrousseau+280126@payplug.com
bf1d3051-10ff-42dd-80a8-41af687034bb,anrousseau+280126@payplug.com
f92bb330-9b0a-4b80-a45e-d406f6aef3e8,anrousseau+280126@payplug.com
b04be3ce-5bde-483c-8093-b439118b6c8f,anrousseau+280126@payplug.com
d4de4dd8-2041-430a-a537-8cee6d735280,anrousseau+280126@payplug.com
bb108299-539c-4798-8ec2-6818073564e6,anrousseau+280126@payplug.com
05315474-2d98-4fab-9a07-c45d12b437dc,anrousseau+280126@payplug.com
056a6eaa-9ea9-42fc-bb3e-9560e20137ef,anrousseau+280126@payplug.com
bb970af3-3805-4c3a-a345-cffe7e903011,anrousseau+280126@payplug.com
11a82a72-3880-4dc8-8e98-9888485dc688,anrousseau+280126@payplug.com
32b23127-7c39-49d4-9786-78f0e96d5b0b,anrousseau+280126@payplug.com
edef6f97-aed6-4754-8617-e8a50b9dccc5,anrousseau+280126@payplug.com
bbc0e041-1f9e-42f7-86f2-1a3e09a8f0c7,anrousseau+280126@payplug.com
50d9a638-1c93-4ead-ad9b-94a291cc03fd,anrousseau+280126@payplug.com
c927699a-b023-496f-ac65-5d440caee069,anrousseau+280126@payplug.com
d255690d-3253-4efc-b467-eeab998200b4,anrousseau+280126@payplug.com
1f541aa0-8fc4-414e-b6eb-58bf58b572c8,anrousseau+280126@payplug.com
bfbb294e-dbdb-4555-9682-2ee1ac92610f,anrousseau+280126@payplug.com
df327502-abc2-45b4-8fbe-6ce97d2d56e6,anrousseau+280126@payplug.com
9a338ad7-6029-48b2-a09c-73670eafc591,anrousseau+280126@payplug.com
46d821f8-5c8a-4be2-8d23-59d619b79572,anrousseau+280126@payplug.com
00db833f-31d2-4b91-bb87-89215bdc1da6,anrousseau+280126@payplug.com