company_ref,account_name,key_name
a27604f6-c768-4415-8dc7-d30787781887,PARAGGI SAS,PARAGGI
e3baa31e-a586-4d70-8aee-a32c7edadd8b,PARDEAUX,M’KRISFI
47c79aa8-27ec-4123-83c3-97fcd96efa84,APALACH SARL,APALACH
4f576c9d-e93d-4dad-b63d-0b256bbcc6a2,DAVI,DAVI
ba7200ab-a8b7-4622-a735-5bce54562ad6,BODIN,BODIN
63bac138-50a7-4194-84c3-57bd84f4b441,FAMAGA SARL,FAMAGA
b86346fa-6ba3-4bde-bd31-120956b4742d,SOPITEX,SOPITEX
174433ff-a04b-46dc-bb47-68d5ae781d7e,GAGLIARDA SARL,GAGLIARDA
d4de4dd8-2041-430a-a537-8cee6d735280,RADAUD,RADAUD
24486383-a324-41a4-9564-04ba13f851e4,SV2E,SV2E
641e2d3a-f888-490b-b0d4-352923488daf,LT2P SAS,LT2P
50d9a638-1c93-4ead-ad9b-94a291cc03fd,TANAIS,TANAIS
f34efef5-c5f5-4c5c-b946-4ab2239eadfd,TIZENI,TIZENI
32b23127-7c39-49d4-9786-78f0e96d5b0b,LMLC,LMLC
da3d798c-32f8-4343-923c-d7951b80aad6,CLEOLA SARL,CLEOLA
607e7681-0a91-4210-ac77-3a330c04fd6d,SERSI,SERSI
b4e115f2-366c-4b28-ba97-5f8594e00515,SARL ARAOK,ARAOK
d71a657f-6f29-45eb-b94e-da3569fd02f0,LULOR,LULOR
848ed99b-7676-4f64-89fa-26166ba70f58,ROMA FOOD,ROMA
81356a27-19d2-4cef-88a0-cbc261fa24c4,JFF ROMALISON,JFF ROMALISON
3fb10ccc-1795-4912-9c28-44f210caa678,WELCOM,WELCOM
307959cb-ab35-4b5b-8704-3b105f436f65,ARD RESTAURATION,ARD RESTAURATION
e8d4dedb-c0ef-46a0-8624-e5a02f3d373a,LIBERTE RESTAURATION,LIBERTE RESTAURATION
6fc70c6b-1c3c-4a61-9aff-457ddc4c88d5,NLC INVEST SARL,NLC INVEST