ID,url,value
BESSON CHAUSSURES - 002 MONTLUCON,https://admin.payplug.com/admin/companies/349296,349969
BESSON CHAUSSURES - 003 CLERMONT LE BREUIL,https://admin.payplug.com/admin/companies/349298,349969
BESSON CHAUSSURES - 004 BESANCON,https://admin.payplug.com/admin/companies/349299,349969
BESSON CHAUSSURES - 005 ROANNE,https://admin.payplug.com/admin/companies/349305,349969
BESSON CHAUSSURES - 006 TOULOUSE FENOUILLET,https://admin.payplug.com/admin/companies/349306,349969
BESSON CHAUSSURES - 007 LA ROCHE / YON,https://admin.payplug.com/admin/companies/349309,349969
BESSON CHAUSSURES - 009 BORDEAUX MERIGNAC,https://admin.payplug.com/admin/companies/349310,349969
BESSON CHAUSSURES - 010 LAVAL,https://admin.payplug.com/admin/companies/349311,349969
BESSON CHAUSSURES - 011 CLERMONT COURNON,https://admin.payplug.com/admin/companies/349312,349969
BESSON CHAUSSURES - 012 LYON MIONS,https://admin.payplug.com/admin/companies/349313,349969
BESSON CHAUSSURES - 013 BOURG EN BRESSE,https://admin.payplug.com/admin/companies/349315,349969
BESSON CHAUSSURES - 015 ALBI,https://admin.payplug.com/admin/companies/349318,349969
BESSON CHAUSSURES - 016 VALENCE ST PERAY,https://admin.payplug.com/admin/companies/349320,349969
BESSON CHAUSSURES - 017 CASTRES,https://admin.payplug.com/admin/companies/349321,349969
BESSON CHAUSSURES - 018 HERBLAY,https://admin.payplug.com/admin/companies/349322,349969
BESSON CHAUSSURES - 019 MONTAUBAN,https://admin.payplug.com/admin/companies/349324,349969
BESSON CHAUSSURES - 020 GRENOBLE ECHIROLLES,https://admin.payplug.com/admin/companies/349325,349969
BESSON CHAUSSURES - 021 MONTELIMAR,https://admin.payplug.com/admin/companies/349326,349969
BESSON CHAUSSURES - 022 ST ETIENNE VILLARS,https://admin.payplug.com/admin/companies/349327,349969
BESSON CHAUSSURES - 023 BOURGES,https://admin.payplug.com/admin/companies/349329,349969
BESSON CHAUSSURES - 025 AURILLAC,https://admin.payplug.com/admin/companies/349330,349969
BESSON CHAUSSURES - 026 LYON GIVORS,https://admin.payplug.com/admin/companies/349331,349969
BESSON CHAUSSURES - 027 TARBES,https://admin.payplug.com/admin/companies/349332,349969
BESSON CHAUSSURES - 028 HENIN BEAUMONT,https://admin.payplug.com/admin/companies/349333,349969
BESSON CHAUSSURES - 029 PLAISIR,https://admin.payplug.com/admin/companies/349334,349969
BESSON CHAUSSURES - 030 NEVERS,https://admin.payplug.com/admin/companies/349335,349969
BESSON CHAUSSURES - 031 LIMOGES,https://admin.payplug.com/admin/companies/349337,349969
BESSON CHAUSSURES - 032 CHAMBERY CHAMNORD,https://admin.payplug.com/admin/companies/349338,349969
BESSON CHAUSSURES - 033 CHARTRES,https://admin.payplug.com/admin/companies/349340,349969
BESSON CHAUSSURES - 034 GRENOBLE ST EGREVE,https://admin.payplug.com/admin/companies/349341,349969
BESSON CHAUSSURES - 035 POITIERS MIGNE,https://admin.payplug.com/admin/companies/349346,349969
BESSON CHAUSSURES - 036 COIGNIERES,https://admin.payplug.com/admin/companies/349347,349969
BESSON CHAUSSURES - 037 ROYAN,https://admin.payplug.com/admin/companies/349349,349969
BESSON CHAUSSURES - 038 BORDEAUX BOULIAC,https://admin.payplug.com/admin/companies/349350,349969
BESSON CHAUSSURES - 039 ORLEANS SARAN,https://admin.payplug.com/admin/companies/349352,349969
BESSON CHAUSSURES - 040 BREST,https://admin.payplug.com/admin/companies/349353,349969
BESSON CHAUSSURES - 041 EVREUX,https://admin.payplug.com/admin/companies/349391,349969
BESSON CHAUSSURES - 042 ROUEN TOURVILLE,https://admin.payplug.com/admin/companies/349394,349969
BESSON CHAUSSURES - 043 DAX,https://admin.payplug.com/admin/companies/349397,349969
BESSON CHAUSSURES - 044 VILLABE,https://admin.payplug.com/admin/companies/349398,349969
BESSON CHAUSSURES - 045 CRETEIL,https://admin.payplug.com/admin/companies/349399,349969
BESSON CHAUSSURES - 046 REIMS CORMONTREUIL,https://admin.payplug.com/admin/companies/349400,349969
BESSON CHAUSSURES - 047 TOURS CHAMBRAY,https://admin.payplug.com/admin/companies/349402,349969
BESSON CHAUSSURES - 049 LENS,https://admin.payplug.com/admin/companies/349404,349969
BESSON CHAUSSURES - 050 TOULOUSE ROQUES,https://admin.payplug.com/admin/companies/349406,349969
BESSON CHAUSSURES - 051 CHAMBERY LA,https://admin.payplug.com/admin/companies/349408,349969
BESSON CHAUSSURES - 053 AVIGNON ,https://admin.payplug.com/admin/companies/349409,349969
BESSON CHAUSSURES - 054 METZ AUGNY,https://admin.payplug.com/admin/companies/349412,349969
BESSON CHAUSSURES - 055 ATHIS MONS,https://admin.payplug.com/admin/companies/349415,349969
BESSON CHAUSSURES - 056 BRUAY LA BU,https://admin.payplug.com/admin/companies/349418,349969
BESSON CHAUSSURES - 057 TORCY,https://admin.payplug.com/admin/companies/349421,349969
BESSON CHAUSSURES - 058 MELUN,https://admin.payplug.com/admin/companies/349427,349969
BESSON CHAUSSURES - 059 AVIGNON LE PONTET,https://admin.payplug.com/admin/companies/349430,349969
BESSON CHAUSSURES - 060 PERPIGNAN ESPAGNE,https://admin.payplug.com/admin/companies/349433,349969
BESSON CHAUSSURES - 061 BRIVE,https://admin.payplug.com/admin/companies/349436,349969
BESSON CHAUSSURES - 062 LE MANS LA CHAPELLE,https://admin.payplug.com/admin/companies/349511,349969
BESSON CHAUSSURES - 063 NIORT,https://admin.payplug.com/admin/companies/349514,349969
BESSON CHAUSSURES - 064 DIJON QUETIGNY,https://admin.payplug.com/admin/companies/349518,349969
BESSON CHAUSSURES - 065 NICE VILLENEUVE,https://admin.payplug.com/admin/companies/349522,349969
BESSON CHAUSSURES - 066 VANNES,https://admin.payplug.com/admin/companies/349530,349969
BESSON CHAUSSURES - 067 ANNECY EPAGNY,https://admin.payplug.com/admin/companies/349531,349969
BESSON CHAUSSURES - 068 PAU LESCAR,https://admin.payplug.com/admin/companies/349533,349969
BESSON CHAUSSURES - 070 EPINAL,https://admin.payplug.com/admin/companies/349379,349969
BESSON CHAUSSURES - 071 MARSEILLE PLAN DE CAMPAGNE,https://admin.payplug.com/admin/companies/349384,349969
BESSON CHAUSSURES - 072 LYON LIMONEST,https://admin.payplug.com/admin/companies/349389,349969
BESSON CHAUSSURES - 073 THIONVILLE ,https://admin.payplug.com/admin/companies/349390,349969
BESSON CHAUSSURES - 074 ANGOULEME,https://admin.payplug.com/admin/companies/349393,349969
BESSON CHAUSSURES - 075 POITIERS,https://admin.payplug.com/admin/companies/349396,349969
BESSON CHAUSSURES - 076 TOULOUSE BA,https://admin.payplug.com/admin/companies/349403,349969
BESSON CHAUSSURES - 078 MULHOUSE KI,https://admin.payplug.com/admin/companies/349405,349969
BESSON CHAUSSURES - 079 NIMES,https://admin.payplug.com/admin/companies/349407,349969
BESSON CHAUSSURES - 080 THONON,https://admin.payplug.com/admin/companies/349410,349969
BESSON CHAUSSURES - 081 CHALON,https://admin.payplug.com/admin/companies/349414,349969
BESSON CHAUSSURES - 082 VILLEBON,https://admin.payplug.com/admin/companies/349416,349969
BESSON CHAUSSURES - 083 NARBONNE,https://admin.payplug.com/admin/companies/349419,349969
BESSON CHAUSSURES - 084 NANTES ORVAULT,https://admin.payplug.com/admin/companies/349570,349969
BESSON CHAUSSURES - 085 VALENCE COULEURS,https://admin.payplug.com/admin/companies/349422,349969
BESSON CHAUSSURES - 086 CHOLET,https://admin.payplug.com/admin/companies/349424,349969
BESSON CHAUSSURES - 087 RENNES ST GREGOIRE,https://admin.payplug.com/admin/companies/349426,349969
BESSON CHAUSSURES - 088 PERIGUEUX BOULAZAC,https://admin.payplug.com/admin/companies/349429,349969
BESSON CHAUSSURES - 089 ANGLET BAYONNE,https://admin.payplug.com/admin/companies/349432,349969
BESSON CHAUSSURES - 090 CHATEAUROUX,https://admin.payplug.com/admin/companies/349434,349969
BESSON CHAUSSURES - 091 CORMEILLES,https://admin.payplug.com/admin/companies/349437,349969
BESSON CHAUSSURES - 092 AUBERGENVILLE,https://admin.payplug.com/admin/companies/349459,349969
BESSON CHAUSSURES - 093 BORDEAUX ST MEDARD,https://admin.payplug.com/admin/companies/349462,349969
BESSON CHAUSSURES - 094 BEZIERS,https://admin.payplug.com/admin/companies/349464,349969
BESSON CHAUSSURES - 095 MACON,https://admin.payplug.com/admin/companies/349465,349969
BESSON CHAUSSURES - 097 ROUEN BAREN,https://admin.payplug.com/admin/companies/349468,349969
BESSON CHAUSSURES - 100 BONNEUIL,https://admin.payplug.com/admin/companies/349378,349969
BESSON CHAUSSURES - 101 BERGERAC,https://admin.payplug.com/admin/companies/349381,349969
BESSON CHAUSSURES - 103 NANCY LAXOU,https://admin.payplug.com/admin/companies/349382,349969
BESSON CHAUSSURES - 104 GAP,https://admin.payplug.com/admin/companies/349383,349969
BESSON CHAUSSURES - 105 LORIENT,https://admin.payplug.com/admin/companies/349385,349969
BESSON CHAUSSURES - 106 GRENOBLE CR,https://admin.payplug.com/admin/companies/349388,349969
BESSON CHAUSSURES - 107 MONTBELIARD,https://admin.payplug.com/admin/companies/349392,349969
BESSON CHAUSSURES - 108 SERVON,https://admin.payplug.com/admin/companies/349572,349969
BESSON CHAUSSURES - 109 LYON BEYNOST,https://admin.payplug.com/admin/companies/349395,349969
BESSON CHAUSSURES - 110 RODEZ,https://admin.payplug.com/admin/companies/349411,349969
BESSON CHAUSSURES - 111 STRASBOURG ,https://admin.payplug.com/admin/companies/349413,349969
BESSON CHAUSSURES - 112 CHAMBOURCY,https://admin.payplug.com/admin/companies/349417,349969
BESSON CHAUSSURES - 113 CREIL,https://admin.payplug.com/admin/companies/349420,349969
BESSON CHAUSSURES - 114 TROYES,https://admin.payplug.com/admin/companies/349423,349969
BESSON CHAUSSURES - 115 CAEN MONDEV,https://admin.payplug.com/admin/companies/349425,349969
BESSON CHAUSSURES - 116 CANNES MAND,https://admin.payplug.com/admin/companies/349428,349969
BESSON CHAUSSURES - 117 AMIENS,https://admin.payplug.com/admin/companies/349431,349969
BESSON CHAUSSURES - 118 TRIGNAC,https://admin.payplug.com/admin/companies/349435,349969
BESSON CHAUSSURES - 119 LE HAVRE HA,https://admin.payplug.com/admin/companies/349438,349969
BESSON CHAUSSURES - 120 GENNEVILLIE,https://admin.payplug.com/admin/companies/349439,349969
BESSON CHAUSSURES - 121 LA ROCHELLE,https://admin.payplug.com/admin/companies/349440,349969
BESSON CHAUSSURES - 122 AUXERRE,https://admin.payplug.com/admin/companies/349441,349969
BESSON CHAUSSURES - 124 STE GENEVIE,https://admin.payplug.com/admin/companies/349443,349969
BESSON CHAUSSURES - 125 GRASSE,https://admin.payplug.com/admin/companies/349444,349969
BESSON CHAUSSURES - 126 TOULON OLLI,https://admin.payplug.com/admin/companies/349445,349969
BESSON CHAUSSURES - 128 ANGERS MURS,https://admin.payplug.com/admin/companies/349446,349969
BESSON CHAUSSURES - 129 AGEN,https://admin.payplug.com/admin/companies/349447,349969
BESSON CHAUSSURES - 130 FRESNES,https://admin.payplug.com/admin/companies/349448,349969
BESSON CHAUSSURES - 131 AJACCIO,https://admin.payplug.com/admin/companies/349453,349969
BESSON CHAUSSURES - 132 TOULON LA V,https://admin.payplug.com/admin/companies/349455,349969
BESSON CHAUSSURES - 133 BIGANOS,https://admin.payplug.com/admin/companies/349458,349969
BESSON CHAUSSURES - 135 BEAUVAIS,https://admin.payplug.com/admin/companies/349461,349969
BESSON CHAUSSURES - 136 LOUVROIL,https://admin.payplug.com/admin/companies/349463,349969
BESSON CHAUSSURES - 137 ST MALO,https://admin.payplug.com/admin/companies/349466,349969
BESSON CHAUSSURES - 138 CAEN ROTS,https://admin.payplug.com/admin/companies/349467,349969
BESSON CHAUSSURES - 139 RONCQ,https://admin.payplug.com/admin/companies/349470,349969
BESSON CHAUSSURES - 140 RAMBOUILLET,https://admin.payplug.com/admin/companies/349471,349969
BESSON CHAUSSURES - 141 ARRAS,https://admin.payplug.com/admin/companies/349475,349969
BESSON CHAUSSURES - 142 TOULOUSE ST,https://admin.payplug.com/admin/companies/349480,349969
BESSON CHAUSSURES - 143 ROUBAIX LEE,https://admin.payplug.com/admin/companies/349483,349969
BESSON CHAUSSURES - 144 ALENCON,https://admin.payplug.com/admin/companies/349484,349969
BESSON CHAUSSURES - 145 ANGERS ATOL,https://admin.payplug.com/admin/companies/349487,349969
BESSON CHAUSSURES - 146 CLERMONT RI,https://admin.payplug.com/admin/companies/349489,349969
BESSON CHAUSSURES - 147 QUIMPER,https://admin.payplug.com/admin/companies/349491,349969
BESSON CHAUSSURES - 148 LE MANS RUA,https://admin.payplug.com/admin/companies/349494,349969
BESSON CHAUSSURES - 150 MONTPELLIER,https://admin.payplug.com/admin/companies/349575,349969
BESSON CHAUSSURES - 151 RENNES CHAN,https://admin.payplug.com/admin/companies/349496,349969
BESSON CHAUSSURES - 152 MONTPELLIER,https://admin.payplug.com/admin/companies/349498,349969
BESSON CHAUSSURES - 153 PERPIGNAN C,https://admin.payplug.com/admin/companies/349501,349969
BESSON CHAUSSURES - 154 ARLES,https://admin.payplug.com/admin/companies/349503,349969
BESSON CHAUSSURES - 155 ST OMER,https://admin.payplug.com/admin/companies/349504,349969
BESSON CHAUSSURES - 156 VESOUL,https://admin.payplug.com/admin/companies/349505,349969
BESSON CHAUSSURES - 157 BORDEAUX ST,https://admin.payplug.com/admin/companies/349507,349969
BESSON CHAUSSURES - 158 BUCHELAY,https://admin.payplug.com/admin/companies/349509,349969
BESSON CHAUSSURES - 159 EVRY 2,https://admin.payplug.com/admin/companies/349510,349969
BESSON CHAUSSURES - 160 LYON PART D,https://admin.payplug.com/admin/companies/349513,349969
BESSON CHAUSSURES - 161 COMPIEGNE V,https://admin.payplug.com/admin/companies/349520,349969
BESSON CHAUSSURES - 162 CHERBOURG,https://admin.payplug.com/admin/companies/349577,349969
BESSON CHAUSSURES - 163 MARSEILLE L,https://admin.payplug.com/admin/companies/349548,349969
BESSON CHAUSSURES - 164 ST ETIENNE ,https://admin.payplug.com/admin/companies/349550,349969
BESSON CHAUSSURES - 165 ALES,https://admin.payplug.com/admin/companies/349553,349969
BESSON CHAUSSURES - 166 MOULINS,https://admin.payplug.com/admin/companies/349555,349969
BESSON CHAUSSURES - 167 CLAYE SOUIL,https://admin.payplug.com/admin/companies/349558,349969
BESSON CHAUSSURES - 168 STRASBOURG ,https://admin.payplug.com/admin/companies/349560,349969
BESSON CHAUSSURES - 169 CLUSES SCIO,https://admin.payplug.com/admin/companies/349561,349969
BESSON CHAUSSURES - 170 BAILLEUL,https://admin.payplug.com/admin/companies/349564,349969
BESSON CHAUSSURES - 173 MONT DE MAR,https://admin.payplug.com/admin/companies/349567,349969
BESSON CHAUSSURES - 174 TOURS ST PI,https://admin.payplug.com/admin/companies/349569,349969
BESSON CHAUSSURES - 175 PARIS CHATILLON,https://admin.payplug.com/admin/companies/349538,349969
BESSON CHAUSSURES - 176 VALENCIENNES RAISMES,https://admin.payplug.com/admin/companies/349541,349969
BESSON CHAUSSURES - 177 MONTEREAU,https://admin.payplug.com/admin/companies/349543,349969
BESSON CHAUSSURES - 178 ST BRIEUC,https://admin.payplug.com/admin/companies/349544,349969
BESSON CHAUSSURES - 179 COGNAC,https://admin.payplug.com/admin/companies/349545,349969
BESSON CHAUSSURES - 180 FREJUS,https://admin.payplug.com/admin/companies/349547,349969
BESSON CHAUSSURES - 181 PARIS BNF,https://admin.payplug.com/admin/companies/349549,349969
BESSON CHAUSSURES - 182 CALAIS,https://admin.payplug.com/admin/companies/349588,349969
BESSON CHAUSSURES - 183 MONTARGIS,https://admin.payplug.com/admin/companies/349552,349969
BESSON CHAUSSURES - 184 NICE NOTRE DAME,https://admin.payplug.com/admin/companies/349554,349969
BESSON CHAUSSURES - 186 L’ISLE D’ABEAU,https://admin.payplug.com/admin/companies/349556,349969
BESSON CHAUSSURES - 188 CARCASSONNE,https://admin.payplug.com/admin/companies/349472,349969
BESSON CHAUSSURES - 201 PERSAN,https://admin.payplug.com/admin/companies/349481,349969
BESSON CHAUSSURES - 202 VILLEFRANCHE SUR SAONE,https://admin.payplug.com/admin/companies/349488,349969
BESSON CHAUSSURES - 203 BLOIS,https://admin.payplug.com/admin/companies/349490,349969
BESSON CHAUSSURES - 204 CHALONS EN CHAMPAGNE,https://admin.payplug.com/admin/companies/349492,349969
BESSON CHAUSSURES - 205 LES SABLES ,https://admin.payplug.com/admin/companies/349580,349969
BESSON CHAUSSURES - 206 AIX EN PROV,https://admin.payplug.com/admin/companies/349495,349969
BESSON CHAUSSURES - 207 CHARLEVILLE,https://admin.payplug.com/admin/companies/349497,349969
BESSON CHAUSSURES - 208 SENS,https://admin.payplug.com/admin/companies/349499,349969
BESSON CHAUSSURES - 209 ORLEANS OLIVET,https://admin.payplug.com/admin/companies/349502,349969
BESSON CHAUSSURES - 210 GIVET,https://admin.payplug.com/admin/companies/349508,349969
BESSON CHAUSSURES - 216 BELFORT BESSONCOURT,https://admin.payplug.com/admin/companies/349512,349969
BESSON CHAUSSURES - 217 ANNEMASSE,https://admin.payplug.com/admin/companies/349515,349969
BESSON CHAUSSURES - 219 CAMBRAI,https://admin.payplug.com/admin/companies/349517,349969
BESSON CHAUSSURES - 221 HAGUENAU,https://admin.payplug.com/admin/companies/349581,349969
BESSON CHAUSSURES - 224 BERCK,https://admin.payplug.com/admin/companies/349519,349969
BESSON CHAUSSURES - 228 AEROVILLE,https://admin.payplug.com/admin/companies/349523,349969
BESSON CHAUSSURES - 229 STRASBOURG LES HALLES,https://admin.payplug.com/admin/companies/349557,349969
BESSON CHAUSSURES - 230 NANTES REZE,https://admin.payplug.com/admin/companies/349559,349969
BESSON CHAUSSURES - 232 SALAISE SUR SANNE,https://admin.payplug.com/admin/companies/349562,349969
BESSON CHAUSSURES - 233 VILLENEUVE D’ASCQ,https://admin.payplug.com/admin/companies/349563,349969
BESSON CHAUSSURES - 234 ST DIZIER,https://admin.payplug.com/admin/companies/349566,349969
BESSON CHAUSSURES - 235 DUNKERQUE GRAND SYNTHE,https://admin.payplug.com/admin/companies/349568,349969
BESSON CHAUSSURES - 238 ST MAXIMIN LA STE BAUME,https://admin.payplug.com/admin/companies/349584,349969
